{
  "$schema": "https://schemas.wp.org/trunk/theme.json",
  "version": 2,
  "settings": {
    "appearanceTools": true,
    "color": {
      "duotone": [],
      "palette": [
        {
          "color": "#ffffff",
          "name": "base",
          "slug": "base"
        },
        {
          "color": "#19437f",
          "name": "primary",
          "slug": "primary"
        },
        {
          "color": "#003266",
          "name": "primaryDark",
          "slug": "primary-dark"
        },
        {
          "color": "#00264d",
          "name": "primaryDarker",
          "slug": "primary-darker"
        },
        {
          "color": "#AAC9E9",
          "name": "primaryLight",
          "slug": "primary-light"
        },
        {
          "color": "#32c5f4",
          "name": "secondary",
          "slug": "secondary"
        },
        {
          "color": "#F6F6F6",
          "name": "tertiary",
          "slug": "tertiary"
        },
        {
          "color": "#000000",
          "name": "foreground",
          "slug": "foreground"
        },
        {
          "color": "#c02b0a",
          "name": "danger",
          "slug": "danger"
        }
      ]
    },
    "spacing": {
      "units": [
        "%",
        "px",
        "em",
        "rem",
        "vh",
        "vw"
      ],
      "spacingSizes": [
        {
          "size": "0px",
          "slug": "0",
          "name": "0"
        },
        {
          "size": "0.25rem",
          "slug": "1",
          "name": "1"
        },
        {
          "size": "0.5rem",
          "slug": "2",
          "name": "2"
        },
        {
          "size": "0.75rem",
          "slug": "3",
          "name": "3"
        },
        {
          "size": "1rem",
          "slug": "4",
          "name": "4"
        },
        {
          "size": "1.25rem",
          "slug": "5",
          "name": "5"
        },
        {
          "size": "1.5rem",
          "slug": "6",
          "name": "6"
        },
        {
          "size": "1.75rem",
          "slug": "7",
          "name": "7"
        },
        {
          "size": "2rem",
          "slug": "8",
          "name": "8"
        },
        {
          "size": "2.25rem",
          "slug": "9",
          "name": "9"
        },
        {
          "size": "2.5rem",
          "slug": "10",
          "name": "10"
        },
        {
          "size": "2.75rem",
          "slug": "11",
          "name": "11"
        },
        {
          "size": "3rem",
          "slug": "12",
          "name": "12"
        },
        {
          "size": "3.5rem",
          "slug": "14",
          "name": "14"
        },
        {
          "size": "4rem",
          "slug": "16",
          "name": "16"
        },
        {
          "size": "5rem",
          "slug": "20",
          "name": "20"
        },
        {
          "size": "6rem",
          "slug": "24",
          "name": "24"
        },
        {
          "size": "7rem",
          "slug": "28",
          "name": "28"
        },
        {
          "size": "8rem",
          "slug": "32",
          "name": "32"
        },
        {
          "size": "9rem",
          "slug": "36",
          "name": "36"
        },
        {
          "size": "10rem",
          "slug": "40",
          "name": "40"
        },
        {
          "size": "11rem",
          "slug": "44",
          "name": "44"
        },
        {
          "size": "12rem",
          "slug": "48",
          "name": "48"
        },
        {
          "size": "13rem",
          "slug": "52",
          "name": "52"
        },
        {
          "size": "14rem",
          "slug": "56",
          "name": "56"
        },
        {
          "size": "15rem",
          "slug": "60",
          "name": "60"
        },
        {
          "size": "16rem",
          "slug": "64",
          "name": "64"
        },
        {
          "size": "18rem",
          "slug": "72",
          "name": "72"
        },
        {
          "size": "20rem",
          "slug": "80",
          "name": "80"
        },
        {
          "size": "24rem",
          "slug": "96",
          "name": "96"
        },
        {
          "size": "1px",
          "slug": "px",
          "name": "Px"
        },
        {
          "size": "0.125rem",
          "slug": "0.5",
          "name": "0.5"
        },
        {
          "size": "0.375rem",
          "slug": "1.5",
          "name": "1.5"
        },
        {
          "size": "0.625rem",
          "slug": "2.5",
          "name": "2.5"
        },
        {
          "size": "0.875rem",
          "slug": "3.5",
          "name": "3.5"
        }
      ]
    },
    "typography": {
      "fontSizes": [
        {
          "size": "0.75rem",
          "slug": "xs"
        },
        {
          "size": "0.875rem",
          "slug": "sm"
        },
        {
          "size": "1rem",
          "slug": "base"
        },
        {
          "size": "1.125rem",
          "slug": "lg"
        },
        {
          "size": "1.25rem",
          "slug": "xl"
        },
        {
          "size": "1.5rem",
          "slug": "2xl"
        },
        {
          "size": "1.875rem",
          "slug": "3xl"
        },
        {
          "size": "2.25rem",
          "slug": "4xl"
        },
        {
          "size": "3rem",
          "slug": "5xl"
        },
        {
          "size": "3.75rem",
          "slug": "6xl"
        },
        {
          "size": "4.5rem",
          "slug": "7xl"
        },
        {
          "size": "6rem",
          "slug": "8xl"
        },
        {
          "size": "8rem",
          "slug": "9xl"
        }
      ]
    }
  },
  "styles": {

  }
}